image_filename,image_width,image_height,class,xmin,ymin,bbox_width,bbox_height
000000011172.jpg,612,612,52,58.31,238.37,155.03,182.83
000000001153.jpg,500,375,52,0.8,0,55.41,160.87
000000001153.jpg,500,375,52,168.13,0,43.8,78.98
000000011360.jpg,640,480,52,382.62,316.48,57.92,72.98
000000012326.jpg,640,427,52,0.32,308.45,23.69,7.96
000000001153.jpg,500,375,52,42.45,49.4,93.71,68.77
000000001153.jpg,500,375,52,282.9,41.12,23.36,43.86
000000012326.jpg,640,427,52,353.51,259.41,41.35,10.44
000000003093.jpg,640,480,52,287.57,20.54,336.21,315.68
000000012326.jpg,640,427,52,303.22,254.34,52.77,20.16
000000012326.jpg,640,427,52,400.27,250.67,45.33,12.6
000000012326.jpg,640,427,52,444.01,247.23,39.32,14.39
000000011360.jpg,640,480,52,407.98,211.03,140.69,70.11
000000003093.jpg,640,480,52,373.21,23.8,202.79,186.61
000000001153.jpg,500,375,52,152.65,198.38,334.41,138.53
000000001153.jpg,500,375,52,2.65,97.06,373.23,145.59
000000001153.jpg,500,375,52,85.59,85.59,322.94,205.59
000000001153.jpg,500,375,52,4.41,59.01,397.94,135
000000011172.jpg,612,612,52,310.88,352.25,24.11,22.55
000000012326.jpg,640,427,52,434.02,103.77,73.62,72.24
000000012326.jpg,640,427,52,139.19,219.88,236.14,207.01
000000011360.jpg,640,480,52,145.96,190.19,148.88,129.7
000000011360.jpg,640,480,52,153.4,295.6,90.75,69.77
000000011360.jpg,640,480,52,424.03,246.21,159.57,70.78
000000012326.jpg,640,427,52,448.34,224.2,21.8,15.73
000000012326.jpg,640,427,52,401.58,243.63,42.97,13.44
000000012326.jpg,640,427,52,419.18,248.58,10.93,7.7
000000011172.jpg,612,612,52,555.89,495.06,54.53,115.12
000000012326.jpg,640,427,52,572.73,220.45,41.07,12.17
000000012326.jpg,640,427,52,571.66,227.86,51.69,13.36
000000011172.jpg,612,612,52,274.62,306.46,37.65,37.65
000000001153.jpg,500,375,52,97.4,0,83.77,110.06
000000001153.jpg,500,375,52,182.71,45.81,98.91,77.61
000000011172.jpg,612,612,52,158.63,341.6,188.55,118.06
000000011172.jpg,612,612,52,348.56,22.52,60.69,47.94
000000011172.jpg,612,612,52,0,363.79,107.81,247.6
000000011172.jpg,612,612,52,13.36,375.38,598.64,236.62
000000011172.jpg,612,612,52,127.59,275.8,40.71,47.6
000000011360.jpg,640,480,52,443.96,273.12,23.73,16.65
000000011360.jpg,640,480,52,500.68,246,33.03,25.27
000000011172.jpg,612,612,52,287.36,374.73,21.46,17.68
000000011172.jpg,612,612,52,185.3,396.01,29.77,19.23
000000003093.jpg,640,480,52,0,1.88,640,471.25
000000011360.jpg,640,480,52,543.58,320.42,96.42,159.58
000000019358.jpg,640,426,52,1.05,16.18,105.74,209.68
000000004749.jpg,640,429,52,34.63,38.09,571.36,373.21
000000019358.jpg,640,426,52,0,0.96,447.06,425.04
000000019358.jpg,640,426,52,284.32,1.91,355.68,270.92
000000004749.jpg,640,429,52,205.39,49.85,293.81,196.76
000000019358.jpg,640,426,52,380.04,109.72,259.96,316.28
000000019358.jpg,640,426,52,49.67,222.5,112.71,74.51
000000019358.jpg,640,426,52,0,139.77,50.74,82.32
000000019358.jpg,640,426,52,146.47,1.62,492.05,417.39
000000019358.jpg,640,426,52,170.45,155.89,112.33,85.42
000000019358.jpg,640,426,52,158.23,219.09,77.45,69.7
000000019358.jpg,640,426,52,409.4,19.92,90.74,70.81
000000019358.jpg,640,426,52,235.68,320.88,105.12,40.94
000000019358.jpg,640,426,52,414.34,16,85.6,74.24
000000019358.jpg,640,426,52,331.55,0,73.21,63.86
000000019358.jpg,640,426,52,168.85,150.22,112.57,76.15
000000019358.jpg,640,426,52,169.96,218.46,52.97,61.81
000000019358.jpg,640,426,52,480.68,81.45,37.89,38.87
000000004749.jpg,640,429,52,3.18,33.9,634.49,389.8
000000017179.jpg,640,425,52,121.56,0,373.82,424.09
000000017179.jpg,640,425,52,142.13,281.34,62.63,100.11
000000017179.jpg,640,425,52,550.85,44.83,44.17,36.44
000000016521.jpg,414,640,52,301.29,136.33,18.88,72.91
000000014592.jpg,427,640,52,114.24,243.61,176.17,392.26
000000003817.jpg,640,425,52,454.39,143.43,7.87,7.44
000000003817.jpg,640,425,52,251.96,254.9,52.29,140.72
000000003817.jpg,640,425,52,243.12,136.9,84.98,67.46
000000003817.jpg,640,425,52,340.58,143.03,21.27,55.1
000000003817.jpg,640,425,52,442.83,157.97,6.21,8.68
000000003817.jpg,640,425,52,381.31,160.64,4.67,11.35
000000020906.jpg,426,640,52,1.44,207.2,412.76,422.83
000000008711.jpg,640,480,52,64.43,306.14,372.62,167.52
000000016521.jpg,414,640,52,149.19,46.02,175.84,376.81
000000016521.jpg,414,640,52,46.41,160.35,197.29,446.29
000000025521.jpg,640,480,52,285.2,0,134.53,65.65
000000003703.jpg,640,427,52,9.6,134.2,125.39,116.32
000000008711.jpg,640,480,52,307.42,55.01,153.16,195.24
000000003703.jpg,640,427,52,525.61,2.82,59.36,68.94
000000025521.jpg,640,480,52,470.29,1.08,100.32,59.32
000000008711.jpg,640,480,52,162.64,0,106.91,153.71
000000003703.jpg,640,427,52,318.04,123.65,97.26,83.46
000000022090.jpg,640,480,52,132.08,0.1,507.92,380.14
000000016521.jpg,414,640,52,237.41,411.54,39.44,40.07
000000000715.jpg,640,480,52,238.81,243.61,62.21,79.23
000000003817.jpg,640,425,52,204.69,194.69,193.34,88.7
000000014592.jpg,427,640,52,90.45,267.52,151.7,67.05
000000000715.jpg,640,480,52,461.66,324.67,56.09,81.98
000000025316.jpg,640,480,52,76.58,0,545.8,471.04
000000008711.jpg,640,480,52,103.55,136.99,207.1,169.35
000000000715.jpg,640,480,52,227.25,244.91,283.06,188.98
000000025521.jpg,640,480,52,306.07,109.55,99.39,72.29
000000016161.jpg,500,375,52,40.59,7.06,442.94,344.12
000000016161.jpg,500,375,52,0,151.98,442.62,223.02
000000025521.jpg,640,480,52,413.36,223.62,114.08,110.69
000000016161.jpg,500,375,52,148.24,0,351.76,210.88
000000003703.jpg,640,427,52,185.91,200.41,113.37,144.63
000000003703.jpg,640,427,52,186.33,217.41,80.28,179.56
000000003703.jpg,640,427,52,156.66,231.26,68.11,126.04
000000025316.jpg,640,480,52,487.28,83.76,152.72,229.32
000000025316.jpg,640,480,52,0,81.32,135.53,138.92
000000025316.jpg,640,480,52,0,169.85,79.81,196.72
000000016161.jpg,500,375,52,245.29,49.41,217.95,202.06
000000009077.jpg,640,427,52,519.96,196.38,101.79,85.33
000000003703.jpg,640,427,52,149.4,143.16,61.09,65.44
000000009077.jpg,640,427,52,330.06,233.26,9.45,10.26
000000022090.jpg,640,480,52,1.13,0,503.72,460.8
000000009077.jpg,640,427,52,314.98,235.59,10.68,10.67
000000003703.jpg,640,427,52,188.07,0,260.04,136.26
000000008711.jpg,640,480,52,252.4,188.58,387.6,291.42
000000003817.jpg,640,425,52,443.83,165.35,4.73,6.7
000000003703.jpg,640,427,52,533.5,50.24,75.35,152.71
000000000715.jpg,640,480,52,354.38,121.03,40.84,42.26
000000000715.jpg,640,480,52,326.14,112.79,40.77,36.94
000000000715.jpg,640,480,52,470.35,114.89,43.93,43.2
000000000715.jpg,640,480,52,511.91,110.3,43.77,36.36
000000000715.jpg,640,480,52,282.12,88.59,27.93,33.33
000000000715.jpg,640,480,52,192.64,77.32,23.88,13.16
000000000715.jpg,640,480,52,435.09,106.55,41.2,33.46
000000000715.jpg,640,480,52,397.82,109.4,41.38,29.87
000000025521.jpg,640,480,52,111.68,159.07,92.87,38.77
000000009077.jpg,640,427,52,297.28,104.05,32.02,34.09
000000016521.jpg,414,640,52,176.6,78.71,32.87,45.3
000000020906.jpg,426,640,52,188.31,260.42,109.96,113.55
000000010432.jpg,640,480,52,187.69,164.85,115.41,110.03
000000010432.jpg,640,480,52,223.1,72.01,39.19,85.41
000000009077.jpg,640,427,52,378.45,76.38,33.36,44.86
000000020906.jpg,426,640,52,94.92,211.18,113.62,67.59
000000020906.jpg,426,640,52,327,35.75,72.74,83.65
000000009077.jpg,640,427,52,449.36,63.91,38.62,41.15
000000009077.jpg,640,427,52,517.18,52.95,54.56,69.44
000000010432.jpg,640,480,52,266.19,146.93,78.99,110.3
000000010432.jpg,640,480,52,391.86,361.63,98.38,118.37
000000009077.jpg,640,427,52,563.32,47.35,50.6,84.73
000000009077.jpg,640,427,52,441.45,298.93,44.23,40.27
000000020906.jpg,426,640,52,164.12,14.25,168.9,112.02
000000009077.jpg,640,427,52,483.34,57.42,56.69,54.32
000000009077.jpg,640,427,52,466.95,323.03,61.84,43.58
000000009077.jpg,640,427,52,415.47,71.93,37.96,52.33
000000010432.jpg,640,480,52,313.44,269.53,78.2,128.31
000000009077.jpg,640,427,52,470.7,104.57,20.01,47.31
000000010432.jpg,640,480,52,357.74,232.66,112.13,134.68
000000009077.jpg,640,427,52,534.61,306.23,20.12,43.25
000000009077.jpg,640,427,52,369.61,204.99,35.51,26.27
000000010432.jpg,640,480,52,449.83,217.65,75.65,104
000000010432.jpg,640,480,52,206.17,316.88,48.33,129.94
000000010432.jpg,640,480,52,117.57,168.27,119.73,125.12
000000010432.jpg,640,480,52,268.19,287.41,53.03,116.3
000000010432.jpg,640,480,52,421.89,225.89,67.96,114.47
000000009077.jpg,640,427,52,334.54,335.58,16.35,18.18
000000009077.jpg,640,427,52,311.02,336.01,50.92,42.44
000000009077.jpg,640,427,52,345.52,300.64,56.04,42.95
000000009077.jpg,640,427,52,327.13,291.9,35.75,37.46
000000000715.jpg,640,480,52,33.65,141.22,16.4,19.03
000000009077.jpg,640,427,52,368.4,227.26,61.36,43.87
000000000715.jpg,640,480,52,24.03,142.99,11.31,15.38
000000000715.jpg,640,480,52,49.96,146.83,19,18.43
000000000715.jpg,640,480,52,7.48,140.32,16.95,14.84
000000000715.jpg,640,480,52,4.84,137.94,12.82,13.65
000000000715.jpg,640,480,52,71,108.53,35.91,18.24
000000000715.jpg,640,480,52,111.44,70.86,46.02,19.72
000000000715.jpg,640,480,52,125.53,60.89,37.18,18.9
000000000715.jpg,640,480,52,46.93,119.59,77.47,35.69
000000000715.jpg,640,480,52,65.04,81.55,30.36,18.58
000000000715.jpg,640,480,52,119.9,96.71,45.54,15.03
000000022090.jpg,640,480,52,424.1,0,193.97,72.54
000000000715.jpg,640,480,52,136.2,270.78,32.69,33.61
000000000715.jpg,640,480,52,287.13,154.15,37.18,44.92
000000000715.jpg,640,480,52,196.31,146.7,377.53,135.91
000000000715.jpg,640,480,52,147.11,142.74,27.79,26.37
000000000715.jpg,640,480,52,112.2,146.07,42.61,37.28
000000000715.jpg,640,480,52,88.2,285.29,34.6,31.79
000000000715.jpg,640,480,52,238.1,337.96,42.86,42.35
000000000715.jpg,640,480,52,349.78,396.45,41.73,43.14
000000000715.jpg,640,480,52,461.66,415.28,47.46,51.78
000000000715.jpg,640,480,52,482.16,373.21,48.54,44.23
000000003703.jpg,640,427,52,504.1,78.84,60.49,49.64
000000003817.jpg,640,425,52,396.9,162.29,4.56,5.53
000000003817.jpg,640,425,52,368.31,158.96,3.77,10.67
000000003817.jpg,640,425,52,402.8,161.2,3.08,10
000000003817.jpg,640,425,52,428.29,151.14,2.03,5.35
000000000715.jpg,640,480,52,311.85,78.82,32.21,42.18
000000025521.jpg,640,480,52,82.29,0,108.46,66.08
000000000715.jpg,640,480,52,187.7,90.85,31.08,29.98
000000000715.jpg,640,480,52,341.22,76.64,13.75,24.75
000000010432.jpg,640,480,52,90.28,74.12,95.81,97.63
000000020906.jpg,426,640,52,270.7,371.59,88.79,114.58
000000025521.jpg,640,480,52,366.85,258.18,28.76,46.67
000000000715.jpg,640,480,52,84.77,156.3,16.45,15.84
000000000715.jpg,640,480,52,71.42,152.91,18.33,17.4
000000025521.jpg,640,480,52,151.71,254.92,27.36,33.58
000000009077.jpg,640,427,52,276.23,320.96,14.97,14.39
000000000715.jpg,640,480,52,169.64,317.06,38.04,34.34
000000000715.jpg,640,480,52,128.22,303.17,36.59,32.39
000000009077.jpg,640,427,52,285.37,313.16,15.34,14.92
000000009077.jpg,640,427,52,286.9,296.28,13.31,14.84
000000009077.jpg,640,427,52,292,330.47,13.32,14.02
000000009077.jpg,640,427,52,272.69,333.72,15.86,13.15
000000009077.jpg,640,427,52,291.3,344.04,15.1,10.38
000000009077.jpg,640,427,52,304.3,327.11,14.68,10.8
000000009077.jpg,640,427,52,301.49,318.63,13.81,11.33
000000009077.jpg,640,427,52,293.5,297.12,14.65,23.16
000000008711.jpg,640,480,52,0,145.37,113.61,114.91
000000008711.jpg,640,480,52,17.36,156.4,195.97,181.08
000000003703.jpg,640,427,52,496.36,94.39,49.04,80.9
000000016161.jpg,500,375,52,143.44,25.65,124.36,190.41
000000010432.jpg,640,480,52,499.51,203.97,87.79,81.22
000000009077.jpg,640,427,52,525.42,311.07,20.5,38.48
000000009077.jpg,640,427,52,429.56,176.03,10.73,8.68
000000009077.jpg,640,427,52,418.32,174.67,10.7,7.98
000000025521.jpg,640,480,52,315.01,241.93,22.35,23.34
000000009077.jpg,640,427,52,393.04,183.57,52.05,11.33
000000025521.jpg,640,480,52,199.92,248.57,32.68,36.18
000000009077.jpg,640,427,52,390.21,192.72,6.63,4.72
000000025521.jpg,640,480,52,245.51,286.93,43.23,38.54
000000025521.jpg,640,480,52,391.03,259.67,34.37,44.75
000000025521.jpg,640,480,52,278.06,236.88,40.9,30.33
000000025521.jpg,640,480,52,351.33,235.57,35.72,27.02
000000025521.jpg,640,480,52,320.45,256.75,47.76,29.05
000000025521.jpg,640,480,52,248.76,228.69,29.85,25.38
000000025521.jpg,640,480,52,480.5,160.97,98.41,76.25
000000009077.jpg,640,427,52,273.88,310.09,13.3,12.76
000000000715.jpg,640,480,52,486.72,346.82,39.77,35.88
000000003703.jpg,640,427,52,476.76,265.2,90.93,22.15
000000000715.jpg,640,480,52,258.88,98.33,29.03,38.79
000000000715.jpg,640,480,52,90.72,98.04,32.83,16.77
000000000715.jpg,640,480,52,52.94,49.87,36.92,19.98
000000025521.jpg,640,480,52,413.01,224.33,105.59,110.57
000000012153.jpg,500,333,52,2.24,0.75,160.14,277.62
000000012153.jpg,500,333,52,311.21,142.56,108.79,190.41
000000012153.jpg,500,333,52,111,35.09,253.29,294.26
000000012153.jpg,500,333,52,0.72,262.1,93.99,33.83
000000012153.jpg,500,333,52,170,54.66,22.8,14.39
000000012153.jpg,500,333,52,407.83,179.6,83.06,148.91
000000012153.jpg,500,333,52,0,280.62,234.97,52.38
000000012153.jpg,500,333,52,176.88,53.39,56.26,38.89
000000012153.jpg,500,333,52,471.22,90.32,14.96,15.14
000000015947.jpg,640,480,52,288.76,283.44,27.66,124.63
000000015947.jpg,640,480,52,377,256.48,203.94,125.67
000000015947.jpg,640,480,52,209.77,244.48,45.4,14.76
000000015947.jpg,640,480,52,143.6,246.78,46.18,10.42
000000015947.jpg,640,480,52,213.6,232.21,29.93,17.86
000000015947.jpg,640,480,52,151.21,233.84,29.87,13.67
000000015947.jpg,640,480,52,157.23,295.99,12.76,32.91
000000015947.jpg,640,480,52,151.73,298.91,7.36,24.09
000000015947.jpg,640,480,52,589.11,295.33,34.99,62.02
000000015947.jpg,640,480,52,137.27,322.39,11.54,17.54
000000015947.jpg,640,480,52,196.31,222.65,36.03,31.39
000000015947.jpg,640,480,52,242.97,224.95,38.23,30.59
000000015947.jpg,640,480,52,64.67,251.09,233.14,22.34
000000023840.jpg,640,427,52,543.39,88.47,96.61,154.74
000000023840.jpg,640,427,52,337.89,155.61,299.21,270.3
000000000715.jpg,640,480,52,49,155,457,324
000000009077.jpg,640,427,52,305,239,167,43
000000010432.jpg,640,480,52,0,0,639,479
000000025234.jpg,606,640,52,104.01,341,94.6,64.52
000000023875.jpg,640,428,52,69.41,144.59,72.29,70.37
000000019151.jpg,480,640,52,22.21,20.82,391.5,505.34
000000007781.jpg,640,480,52,37.32,103.41,501.77,234.3
000000020966.jpg,640,480,52,132.13,208.34,378.84,266.33
000000020966.jpg,640,480,52,397.42,215.57,242.58,227.1
000000020966.jpg,640,480,52,536.19,147.57,103.58,46.94
000000020966.jpg,640,480,52,210.47,146.14,207.25,54.77
000000020966.jpg,640,480,52,111.9,157.45,280.25,62.36
000000014036.jpg,640,554,52,9.95,386.24,90.23,34.23
000000000142.jpg,480,640,52,256.71,88.94,160.07,253.87
000000023298.jpg,640,427,52,41.44,255.61,16.96,41.01
000000023298.jpg,640,427,52,425.87,186.52,8.48,13.57
000000021020.jpg,640,429,52,147.48,198.34,7.66,24.37
000000024849.jpg,480,640,52,333.16,312.37,22.08,73.02
000000023298.jpg,640,427,52,613.48,111.26,13.46,16.89
000000023875.jpg,640,428,52,130.51,204.39,20.83,55.83
000000024849.jpg,480,640,52,353.69,315.22,17.39,68.38
000000010784.jpg,640,423,52,525.97,264.78,14.41,58.74
000000010784.jpg,640,423,52,500.63,262.9,13.77,58.52
000000015726.jpg,360,640,52,0,403.14,26.43,224.04
000000004376.jpg,640,424,52,167.98,316.37,107.83,103.07
000000024520.jpg,640,480,52,5.65,307.2,631.34,172.8
000000023298.jpg,640,427,52,0.92,203.42,363.77,218.08
000000004376.jpg,640,424,52,422.64,174.17,116.53,81.17
000000004376.jpg,640,424,52,163.53,108.48,46.72,33.46
000000004376.jpg,640,424,52,312.53,121.97,22.13,43.54
000000011702.jpg,500,333,52,65.85,172.11,404.84,77.83
000000011702.jpg,500,333,52,88.07,108.82,50.17,76.92
000000018554.jpg,427,640,52,281.81,213.27,145.19,212.85
000000016123.jpg,480,640,52,69.89,116.62,409.77,516.66
000000018554.jpg,427,640,52,0,66.16,363.87,573.84
000000015726.jpg,360,640,52,1.44,34.52,345.17,598.29
000000024520.jpg,640,480,52,39.01,1.9,297.97,420.4
000000024520.jpg,640,480,52,181.21,98.43,183.37,231.91
000000020599.jpg,427,640,52,132.02,4.3,294.98,456.33
000000024520.jpg,640,480,52,278.92,34.05,201.08,271.36
000000004376.jpg,640,424,52,175.93,190.68,211.91,196.51
000000004376.jpg,640,424,52,436.02,97.14,93.13,107.01
000000004376.jpg,640,424,52,219.14,97.11,32.21,97.44
000000017573.jpg,375,500,52,119.1,317.98,160.68,182.02
000000004376.jpg,640,424,52,401.05,111.37,23.29,71.02
000000004376.jpg,640,424,52,377.06,119.65,31.95,50.19
000000004376.jpg,640,424,52,481.88,114.71,49.8,69.22
000000004376.jpg,640,424,52,120.03,96.49,12.94,32.87
000000004376.jpg,640,424,52,295.82,106.37,18.3,57.37
000000020966.jpg,640,480,52,0.18,201.72,106.12,48.83
000000004376.jpg,640,424,52,245.42,0.48,394.58,262.61
000000016494.jpg,427,640,52,64.57,170.19,305.65,216.68
000000024520.jpg,640,480,52,261.6,330.75,86.84,43.2
000000015726.jpg,360,640,52,333.59,367.83,25.44,65.73
000000021020.jpg,640,429,52,368.01,149.84,63.86,41.37
000000020133.jpg,640,480,52,311.55,286.29,129.04,172.7
000000020133.jpg,640,480,52,63.82,261.93,156.2,107.05
000000002429.jpg,640,480,52,0,140.04,37.75,334.39
000000008356.jpg,640,480,52,24.81,217.89,194.16,255.64
000000024520.jpg,640,480,52,444.48,154.62,32.29,36.59
000000009651.jpg,640,427,52,409.65,158.56,179.28,263.38
000000002429.jpg,640,480,52,360.32,347.59,95.49,126.04
000000002429.jpg,640,480,52,437.66,335.53,82.85,99.65
000000002429.jpg,640,480,52,551.35,309.33,82.12,94.67
000000002429.jpg,640,480,52,544.29,406.82,95.71,73.18
000000002429.jpg,640,480,52,145.62,252.48,437.93,90.6
000000020133.jpg,640,480,52,1.08,2.43,638.92,471.37
000000009148.jpg,640,480,52,69.03,0,450.88,420.67
000000009148.jpg,640,480,52,2.16,31.28,70.27,318.92
000000018670.jpg,640,464,52,2.09,22.94,637.91,433.76
000000000142.jpg,480,640,52,0,226.36,480,226.22
000000006151.jpg,640,427,52,1.93,213.26,638.07,207.23
000000002429.jpg,640,480,52,456.16,375.71,183.84,98.6
000000000984.jpg,480,640,52,2.88,135.5,469.91,500.18
000000024714.jpg,640,426,52,353.25,195.85,77.43,125.89
000000006407.jpg,375,500,52,13.48,6.82,294.39,373.03
000000021292.jpg,640,426,52,105.65,17.04,398.73,408.96
000000012704.jpg,612,612,52,156.78,49.88,398.83,538.74
000000021292.jpg,640,426,52,54.44,1.07,215.87,280.81
000000014036.jpg,640,554,52,355.21,166.36,215.76,310.04
000000010784.jpg,640,423,52,342.23,244.67,140.06,177.98
000000025234.jpg,606,640,52,447.01,239.81,155.59,200.17
000000019609.jpg,612,612,52,0,1.53,212.69,559.86
000000024428.jpg,427,640,52,56.09,0.36,257.44,634.25
000000017108.jpg,480,640,52,309.2,277.8,34.35,56.27
000000006151.jpg,640,427,52,0.96,0.96,617.95,259.08
000000009651.jpg,640,427,52,3.84,4.8,379.02,417.4
000000017108.jpg,480,640,52,277.2,273.77,50.31,64.18
000000021213.jpg,427,640,52,181.04,90.51,26.43,25.19
000000020311.jpg,640,425,52,0,26.8,393.41,398.2
000000011677.jpg,612,612,52,384.67,233.67,61.63,76.64
000000021213.jpg,427,640,52,342.9,21.33,61.84,100.62
000000024849.jpg,480,640,52,0,83.43,138.69,548.99
000000024714.jpg,640,426,52,382.96,107.24,67.1,144.71
000000024714.jpg,640,426,52,539.99,68.88,45.27,152.06
000000010784.jpg,640,423,52,497.7,207.42,142.3,215.11
000000011677.jpg,612,612,52,371.14,199.81,20.11,45.38
000000014036.jpg,640,554,52,270.09,163.92,113.05,216.74
000000017108.jpg,480,640,52,234.88,190.97,31.29,138.11
000000014036.jpg,640,554,52,230.05,180.17,78.46,187.49
000000019609.jpg,612,612,52,387.95,13.89,93.46,150.62
000000019609.jpg,612,612,52,469.57,0,93.46,162.46
000000014036.jpg,640,554,52,185.63,185.09,57.53,97.3
000000024516.jpg,640,427,52,0,165.04,488.41,257.16
000000014036.jpg,640,554,52,183.36,200.89,76.51,107.26
000000014036.jpg,640,554,52,168.19,192,28.73,42.08
000000019609.jpg,612,612,52,324.98,0,37.47,90.2
000000019609.jpg,612,612,52,560.11,0,38.19,105.04
000000019609.jpg,612,612,52,556.33,0,23.19,48.71
000000012704.jpg,612,612,52,67.39,53.64,544.61,550.11
000000002429.jpg,640,480,52,438.59,259.76,11.35,17.41
000000024849.jpg,480,640,52,425.39,212.69,36.44,107.62
000000020599.jpg,427,640,52,129.02,202.43,72.6,148.01
000000021020.jpg,640,429,52,174.18,193.56,11.75,12.96
000000024849.jpg,480,640,52,435.54,205.3,38.87,115.09
000000020599.jpg,427,640,52,44.9,338.6,38.24,91.28
000000006151.jpg,640,427,52,242.12,10.19,140.94,47.39
000000024520.jpg,640,480,52,473.32,319.97,89.92,19.33
000000021020.jpg,640,429,52,164.56,187.8,11.37,13.36
000000013731.jpg,480,640,52,371.06,391.19,61.84,241.62
000000024520.jpg,640,480,52,198.87,355.85,126.76,27.24
000000006151.jpg,640,427,52,441.66,296.31,129.44,106.45
000000021020.jpg,640,429,52,451.05,32.52,29.01,75.6
000000021260.jpg,480,640,52,0,291.96,225.8,304.89
000000024520.jpg,640,480,52,388.45,438.86,181.78,41.14
000000006151.jpg,640,427,52,168.5,182.48,296.8,227.86
000000002429.jpg,640,480,52,355.42,257.81,48.01,29.12
000000021020.jpg,640,429,52,179.96,250.84,26.23,9.68
000000000902.jpg,640,427,52,149.02,231.26,279.89,172.91
000000024520.jpg,640,480,52,536.91,344.8,103.09,128.86
000000025616.jpg,480,640,52,349.98,379.5,130.02,244.15
000000013731.jpg,480,640,52,1.1,9.46,275.17,264.74
000000018670.jpg,640,464,52,415.21,288.67,211.76,140.14
000000021020.jpg,640,429,52,179.53,265.07,26.24,11.27
000000006809.jpg,640,480,52,62.7,24.86,549.19,424.87
000000013731.jpg,480,640,52,288.43,96.14,191.57,228.16
000000007934.jpg,640,480,52,0,2.16,482.16,303.1
000000014034.jpg,640,426,52,5.72,72.52,616.6,347.85
000000008562.jpg,640,417,52,118.6,213.44,97.9,192.03
000000025234.jpg,606,640,52,240.92,374.2,110.69,52.45
000000009148.jpg,640,480,52,242.69,265,32.64,15.28
000000020857.jpg,640,480,52,0,97.25,444.24,170.11
000000000142.jpg,480,640,52,106.19,374.53,272.64,192.29
000000000902.jpg,640,427,52,166,139.2,105.55,118.02
000000011702.jpg,500,333,52,360.07,169.34,87.56,24.8
000000006407.jpg,375,500,52,20.17,360.45,238.19,139.55
000000009511.jpg,640,480,52,180.13,58.25,365.67,240.54
000000002902.jpg,640,427,52,225.65,0,299.66,379.68
000000021292.jpg,640,426,52,121.92,279.8,81.31,142.7
000000020311.jpg,640,425,52,131.5,194.16,109.97,64.03
000000008773.jpg,424,640,52,51.78,83.18,340.85,325.03
000000023729.jpg,640,480,52,38.83,11.94,539.33,460.58
000000025616.jpg,480,640,52,0.86,461.09,135.14,156.99
000000018554.jpg,427,640,52,127.56,296.69,161.77,342.09
000000002624.jpg,427,640,52,0,69.49,272.83,168.08
000000012357.jpg,500,375,52,215.48,96.02,121.93,136.83
000000015126.jpg,480,640,52,0,54.53,480,416.14
000000021020.jpg,640,429,52,315.08,231.24,24.49,15.41
000000009651.jpg,640,427,52,263.47,94.01,285.04,162.4
000000013731.jpg,480,640,52,220.51,0.53,180.51,130.54
000000024882.jpg,640,478,52,327.62,134.34,312.38,213.76
000000023054.jpg,640,427,52,148.4,147.44,209.67,112.97
000000009511.jpg,640,480,52,34.22,148.7,163.22,189.39
000000007251.jpg,640,480,52,0,0,360.54,277.67
000000003518.jpg,640,427,52,141.7,20.68,359.02,144.57
000000013922.jpg,612,612,52,332.07,142.85,273.07,284.04
000000007367.jpg,640,480,52,348.4,213.57,291.6,263.19
000000003518.jpg,640,427,52,186.03,279.28,258.32,98.32
000000020966.jpg,640,480,52,178.01,93.05,28.62,23.38
000000016123.jpg,480,640,52,0,18.26,477.48,359.55
000000020765.jpg,426,640,52,72.27,47.49,194.57,166.68
000000024714.jpg,640,426,52,210.53,182.25,31.07,43.71
000000000984.jpg,480,640,52,85.73,254.75,229.94,305.91
000000006407.jpg,375,500,52,225.84,446.07,119.1,53.93
000000000984.jpg,480,640,52,381.94,311.01,98.06,93.84
000000024520.jpg,640,480,52,320.9,421.05,86.51,44.99
000000014036.jpg,640,554,52,514.22,387.19,123.76,94.29
000000021921.jpg,427,640,52,101.36,152.78,280.29,220.62
000000016680.jpg,640,161,52,504.29,17.03,77.62,104.66
000000019836.jpg,640,426,52,314.95,57.44,81.37,168.48
000000006809.jpg,640,480,52,133.75,25.89,261.04,296.63
000000025616.jpg,480,640,52,224.68,130.7,32.34,105.53
000000020133.jpg,640,480,52,23.29,39,239.62,101.34
000000006151.jpg,640,427,52,292.5,240.01,65.81,39.81
000000020599.jpg,427,640,52,120.85,397.93,142.98,49.36
000000000984.jpg,480,640,52,254.56,43.24,86.29,161.08
000000018670.jpg,640,464,52,228.35,31.28,77.16,61.52
000000011677.jpg,612,612,52,234.46,314.08,63.46,37.12
000000000984.jpg,480,640,52,2.88,66.16,136.63,87.73
000000020599.jpg,427,640,52,106.21,425.91,120.69,49.25
000000024428.jpg,427,640,52,222.68,314.81,54.65,60.27
000000016680.jpg,640,161,52,399.12,61.6,53.59,99.4
000000021921.jpg,427,640,52,24.45,132.31,402.55,360.99
000000009768.jpg,640,425,52,36,1,604,381
000000018670.jpg,640,464,52,301.08,92.36,31.1,30.73
000000021260.jpg,480,640,52,214.33,335.88,154.38,263.8
000000016680.jpg,640,161,52,448.85,40.93,47.18,104.05
000000006407.jpg,375,500,52,340.42,319.79,34.58,84.5
000000015726.jpg,360,640,52,101.92,130.94,89.61,234.29
000000010403.jpg,640,416,52,0.98,98.86,133.12,86.14
000000000984.jpg,480,640,52,0,240.8,52.39,158.71
000000011677.jpg,612,612,52,238.46,79.53,25.67,40.54
000000002624.jpg,427,640,52,272.74,124.4,81.73,90.38
000000011677.jpg,612,612,52,490.22,60.83,68.84,92.53
000000016680.jpg,640,161,52,456.71,4.16,68.96,70.17
000000007367.jpg,640,480,52,115.2,13.55,477.74,197.65
000000018670.jpg,640,464,52,358.14,89.14,45.4,30.74
000000014036.jpg,640,554,52,0,436.54,80.7,53.91
000000020599.jpg,427,640,52,233.9,402.71,63.32,34.73
000000007781.jpg,640,480,52,475.02,259.22,150.66,101.5
000000019151.jpg,480,640,52,38.84,540.38,252.56,99.62
000000010403.jpg,640,416,52,12.93,172.52,170.93,85.17
000000014036.jpg,640,554,52,415.52,413.42,107.4,87.47
000000021260.jpg,480,640,52,282.13,342.03,197.87,252.16
000000016494.jpg,427,640,52,218.35,355.39,164.14,186.73
000000010303.jpg,640,468,52,137.65,276.4,411.84,180.59
000000016494.jpg,427,640,52,0.8,356.28,270.93,161.16
000000018670.jpg,640,464,52,371.2,63.14,55.68,32.75
000000014036.jpg,640,554,52,313.37,342.13,53.41,39.99
000000025616.jpg,480,640,52,187.74,176.4,28.43,56.12
000000010403.jpg,640,416,52,22.51,60.69,196.75,53.83
000000021447.jpg,640,276,52,228.2,10.38,138.24,62.4
000000011677.jpg,612,612,52,410.3,37.24,81.22,83.45
000000024516.jpg,640,427,52,75.53,54.38,467.28,245.73
000000009148.jpg,640,480,52,252.19,257.87,21.73,8.43
000000011677.jpg,612,612,52,366.8,67.86,14.58,19.14
000000020857.jpg,640,480,52,0,41.86,348.99,99.39
000000009148.jpg,640,480,52,333.47,269.57,33.51,11.82
000000011677.jpg,612,612,52,300.96,13.06,128.16,187.2
000000010403.jpg,640,416,52,111.59,92.69,189.89,237.85
000000002902.jpg,640,427,52,119.56,157.74,162.76,170.8
000000020966.jpg,640,480,52,143.79,107.75,36.44,13.42
000000024714.jpg,640,426,52,265.7,206.83,9.99,9.06
000000006753.jpg,443,640,52,211.96,445.76,21.12,25.66
000000024714.jpg,640,426,52,258.68,188.83,23.38,27.66
000000024849.jpg,480,640,52,178.57,383.2,28.84,27.34
000000008562.jpg,640,417,52,361.89,178,55.67,53.73
000000024714.jpg,640,426,52,329.36,190.95,34.54,22.66
000000007934.jpg,640,480,52,1.13,89.22,636.99,385.13
000000007367.jpg,640,480,52,143.44,166.02,169.41,170.54
000000020966.jpg,640,480,52,149.37,91.78,24.8,13.06
000000009511.jpg,640,480,52,281.61,165.12,233.21,233.86
000000007934.jpg,640,480,52,404.33,10.16,235.67,205.56
000000009511.jpg,640,480,52,229.16,213.41,66.5,76.87
000000017108.jpg,480,640,52,0,493.58,216.43,146.42
000000021447.jpg,640,276,52,109.81,93.3,69.45,72.01
000000006753.jpg,443,640,52,155.58,390.64,126.79,166.69
000000021447.jpg,640,276,52,181.8,65.94,68.18,78.03
000000021447.jpg,640,276,52,123.51,163.58,72.98,71.58
000000021447.jpg,640,276,52,161.2,144.57,44.82,38.31
000000024714.jpg,640,426,52,355.97,200.1,11.93,9.71
000000024714.jpg,640,426,52,286.57,187.12,21.04,16.88
000000008562.jpg,640,417,52,414.56,203.84,46.08,47.99
000000008562.jpg,640,417,52,311.28,177.36,51.71,48.73
000000021447.jpg,640,276,52,72.73,148.72,64.3,79.87
000000021447.jpg,640,276,52,53.08,129.66,60.08,75.69
000000008562.jpg,640,417,52,329.88,296.7,53.84,60.69
000000008562.jpg,640,417,52,381.15,230.12,43.96,43.39
000000008562.jpg,640,417,52,289.37,331.63,54.97,54.51
000000008562.jpg,640,417,52,427.48,317.26,58.51,57.23
000000008562.jpg,640,417,52,408.51,162.22,46.68,42.84
000000020599.jpg,427,640,52,0,523.85,40.48,86.17
000000021260.jpg,480,640,52,218.81,229.51,113.02,113.02
000000002902.jpg,640,427,52,330.55,57.27,112.53,135.63
000000008562.jpg,640,417,52,559.2,207.31,29.04,27.85
000000007367.jpg,640,480,52,198.97,306.99,176.49,167.5
000000021213.jpg,427,640,52,368.16,458.94,49.12,72.64
000000009768.jpg,640,425,52,321.4,0.97,171.94,111.41
000000008562.jpg,640,417,52,573.37,190.93,31.6,30.58
000000021260.jpg,480,640,52,329.47,208.2,113.26,110.18
000000008562.jpg,640,417,52,575.9,227.65,35.81,35.31
000000008562.jpg,640,417,52,548.96,234.76,31.1,34.36
000000021260.jpg,480,640,52,239.81,141.03,115.41,110.92
000000021260.jpg,480,640,52,158.47,186.59,88.06,85.65
000000021260.jpg,480,640,52,117.43,257.49,109.9,99.35
000000021260.jpg,480,640,52,78.69,210.42,86.5,81.24
000000021260.jpg,480,640,52,0,177.69,96.38,134.03
000000002624.jpg,427,640,52,0,206.04,427,422.64
000000021020.jpg,640,429,52,0.97,126.57,144.93,294.7
000000002429.jpg,640,480,52,102.49,238.02,164.39,139.49
000000021020.jpg,640,429,52,3.85,300.11,142.36,121.19
000000024849.jpg,480,640,52,162.44,430.55,285.1,209.45
000000024849.jpg,480,640,52,201.35,412.76,278.65,138.07
000000023875.jpg,640,428,52,217.24,247.77,215.85,29.05
000000024849.jpg,480,640,52,173.53,350.62,138.03,45.36
000000017108.jpg,480,640,52,429.13,345.69,50.87,162.62
000000015726.jpg,360,640,52,47.89,503.77,46.38,78.13
000000024714.jpg,640,426,52,544.99,143.8,15.72,21.47
000000024714.jpg,640,426,52,411,61.76,49.26,53.68
000000012704.jpg,612,612,52,270.73,207.28,113.2,87.25
000000024428.jpg,427,640,52,280.97,342.89,107.9,39.79
000000020966.jpg,640,480,52,108.76,95.64,49.68,66.54
000000023298.jpg,640,427,52,129.37,74.17,172.7,330.46
000000014036.jpg,640,554,52,161.79,186.97,59.7,84.73
000000024428.jpg,427,640,52,36.01,329.74,21.34,44.5
000000011041.jpg,425,640,52,40.45,132.82,99.12,109.73
000000020966.jpg,640,480,52,68.5,69.97,45.23,78.68
000000021213.jpg,427,640,52,336.05,61.7,19.91,59.56
000000014036.jpg,640,554,52,615.93,185.15,23.95,72.25
000000016629.jpg,640,480,52,119.73,126.2,85.21,270.74
000000011677.jpg,612,612,52,171.94,235.2,21.99,19.72
000000017573.jpg,375,500,52,0,0,176.4,303.37
000000016629.jpg,640,480,52,179.24,167.25,26.29,80.76
000000017108.jpg,480,640,52,341.15,224,49.57,155.87
000000016629.jpg,640,480,52,230.28,157.38,35.68,54.93
000000020966.jpg,640,480,52,227.15,66.05,37.05,109.12
000000023298.jpg,640,427,52,482.86,120.35,36.78,53.7
000000016629.jpg,640,480,52,268.21,145.21,38.95,66.14
000000020966.jpg,640,480,52,303.74,88.11,32.41,71.22
000000016629.jpg,640,480,52,309.94,170.65,24.67,38.74
000000020966.jpg,640,480,52,33.45,34.63,27.82,91.68
000000016629.jpg,640,480,52,329.57,163.35,23.06,55.66
000000016629.jpg,640,480,52,372.9,151.73,39.7,133.38
000000016629.jpg,640,480,52,400.34,147.76,36.15,122.98
000000020966.jpg,640,480,52,66.88,96,48.54,81.98
000000020966.jpg,640,480,52,620.31,74.06,19,53.57
000000020966.jpg,640,480,52,21.55,32.3,17.96,84.26
000000016629.jpg,640,480,52,440.53,144.07,47.33,135.06
000000016629.jpg,640,480,52,502.22,185.48,36.35,48.81
000000016629.jpg,640,480,52,514.88,165.35,23.09,39.45
000000024428.jpg,427,640,52,409.02,341.08,17.98,38.65
000000024428.jpg,427,640,52,362.08,339.47,64.16,44.3
000000004376.jpg,640,424,52,143.75,82.95,46.37,51.28
000000020966.jpg,640,480,52,0.47,186.86,197.64,59.76
000000020966.jpg,640,480,52,9.01,139.85,176.07,60.09
000000020966.jpg,640,480,52,494.82,127.36,145.18,41.82
000000020966.jpg,640,480,52,0,229.75,214.65,216.81
000000011041.jpg,425,640,52,87.14,194.09,18.32,23.33
000000004376.jpg,640,424,52,79.22,68.58,50.88,30.01
000000004376.jpg,640,424,52,108.75,86.44,36.39,11.77
000000008356.jpg,640,480,52,21.14,177.18,49.23,69.93
000000010784.jpg,640,423,52,534.13,264.44,12.82,58.46
000000010784.jpg,640,423,52,512.68,264.3,15.62,59.28
000000023298.jpg,640,427,52,443.88,189.86,6.18,12.68
000000014034.jpg,640,426,52,468.1,2,148.35,209.5
000000012704.jpg,612,612,52,223.44,258.43,49.25,51.33
000000021020.jpg,640,429,52,168.16,187.62,12.44,13.01
000000021020.jpg,640,429,52,169.93,192.54,11.56,12.35
000000018670.jpg,640,464,52,182.99,30.99,64.86,18.76
000000018670.jpg,640,464,52,425.62,393.45,100.75,70.55
000000021020.jpg,640,429,52,177.69,254.51,27.96,8.48
000000024714.jpg,640,426,52,443.47,166.01,32.64,21.34
000000018670.jpg,640,464,52,233.21,72.84,228.52,83.56
000000019609.jpg,612,612,52,159.09,245.68,128.64,79.46
000000000984.jpg,480,640,52,422.55,382.49,57.45,112.91
000000016629.jpg,640,480,52,615.08,238.8,24.65,57.64
000000017108.jpg,480,640,52,144.65,436.94,19.44,19.96
000000006753.jpg,443,640,52,199.03,277.3,18.96,35.44
000000009452.jpg,425,640,52,197.9,303.67,227.1,215.82
000000017108.jpg,480,640,52,159.02,498.07,11.26,36.31
000000024849.jpg,480,640,52,263.74,327.74,53.84,42.89
000000008356.jpg,640,480,52,444.21,231.59,51.34,22.01
000000006753.jpg,443,640,52,179.03,308.29,38.41,32.63
000000017573.jpg,375,500,52,175.42,205.21,24.9,26.63
000000010784.jpg,640,423,52,464.08,141.17,19.52,37.72
000000010784.jpg,640,423,52,283.27,145.32,14.73,35.66
000000019609.jpg,612,612,52,304.86,276.61,61.44,63.16
000000009452.jpg,425,640,52,41.71,283.33,326.47,256
000000004376.jpg,640,424,52,374.48,221.3,42.96,24.9
000000004376.jpg,640,424,52,377.61,256.26,24.14,10.43
000000010784.jpg,640,423,52,313.39,143.81,43.13,45.06
000000023298.jpg,640,427,52,449.27,186.98,18.12,11.21
000000002624.jpg,427,640,52,4.31,157.12,35.96,74.79
000000017573.jpg,375,500,52,217.1,177,16.45,29.19
000000002279.jpg,500,333,52,193.67,142.61,28.18,44.96
000000000984.jpg,480,640,52,154.44,316.59,114.74,182.53
000000023298.jpg,640,427,52,433.73,187.55,11.4,9.95
000000020599.jpg,427,640,52,201.18,531.67,225.19,82.99
000000017108.jpg,480,640,52,148.37,495.61,15.72,36.74
000000016629.jpg,640,480,52,281.02,231.79,72.87,35.33
000000000984.jpg,480,640,52,314.97,75.26,65.99,112.25
000000021213.jpg,427,640,52,202.03,324.73,108.15,58.7
000000002429.jpg,640,480,52,372.39,255.23,28.2,14.3
000000016680.jpg,640,161,52,345.44,85.48,55.16,75.52
000000017108.jpg,480,640,52,184.16,538.69,12.4,30.56
000000002279.jpg,500,333,52,235.66,145.14,15.88,46.24
000000011677.jpg,612,612,52,238.94,13.36,30.95,51.12
000000004376.jpg,640,424,52,451.56,203.68,42.85,33.47
000000009452.jpg,425,640,52,0,237.98,335.1,369.62
000000006753.jpg,443,640,52,227.47,282.91,13.54,29.52
000000017108.jpg,480,640,52,192.87,546.98,53,33.41
000000016680.jpg,640,161,52,439.02,32.53,24.61,27.69
000000002279.jpg,500,333,52,226.87,200.57,22.15,62.54
000000009452.jpg,425,640,52,3.3,504.64,211.41,135.36
000000009148.jpg,640,480,52,301.22,262.83,36.55,10.84
000000016629.jpg,640,480,52,552.58,231.83,34.13,61.78
000000010303.jpg,640,468,52,364.17,72.67,226.6,202.79
000000021213.jpg,427,640,52,295.29,246.15,107.38,159.01
000000008081.jpg,385,640,52,67.6,61.4,184.09,379.69
000000009148.jpg,640,480,52,321.07,257.85,24.47,6.23
000000006753.jpg,443,640,52,232.34,285.1,16.56,24.41
000000009452.jpg,425,640,52,199.91,539.33,225.09,90.6
000000009148.jpg,640,480,52,341.82,264.64,20.81,6.3
000000011041.jpg,425,640,52,239.12,470.76,84.22,94.05
000000004376.jpg,640,424,52,317.39,199.96,41.15,37.3
000000023875.jpg,640,428,52,0,239.98,26.7,33.02
000000009398.jpg,640,480,52,83.95,80.29,137.75,132.37
000000019609.jpg,612,612,52,146.68,338.64,156.97,45.08
000000009398.jpg,640,480,52,492.19,108,147.81,199.53
000000006753.jpg,443,640,52,186.9,254.67,18.69,16.54
000000017108.jpg,480,640,52,194.9,513.89,60.69,44.35
000000004376.jpg,640,424,52,408.57,202.34,51.27,31.26
000000019609.jpg,612,612,52,362.68,536.16,218.5,75.84
000000011041.jpg,425,640,52,59.57,270.73,83.82,87.31
000000006753.jpg,443,640,52,191.76,247.66,30.68,28.72
000000014036.jpg,640,554,52,66.67,304.18,38.09,27.71
000000019609.jpg,612,612,52,413.25,420.39,117.74,73.51
000000014036.jpg,640,554,52,537.41,367.54,55.72,16.44
000000011041.jpg,425,640,52,181.83,493.99,34.36,76.39
000000009148.jpg,640,480,52,405.77,270.04,24.64,6.96
000000006151.jpg,640,427,52,331.04,66.45,141.06,84.44
000000002279.jpg,500,333,52,290.36,213.89,11.81,47.24
000000004376.jpg,640,424,52,336.47,238.49,45.57,29.41
000000011041.jpg,425,640,52,104.79,417.51,115.65,72.8
000000021213.jpg,427,640,52,57.47,320.16,30.59,34.64
000000017108.jpg,480,640,52,308.74,215.57,4.85,15.85
000000006151.jpg,640,427,52,205.36,241.56,77.81,41.38
000000016680.jpg,640,161,52,368.1,67.21,37.43,31.63
000000021213.jpg,427,640,52,77.31,291.31,23.02,30.32
000000009148.jpg,640,480,52,266.86,256.93,53.59,22
000000006753.jpg,443,640,52,211.98,249.21,20.89,27.93
000000016629.jpg,640,480,52,221.31,237.55,66.6,35.63
000000011041.jpg,425,640,52,97.95,450.5,84.29,106.54
000000002279.jpg,500,333,52,170.25,62.63,147.75,238.5
000000006151.jpg,640,427,52,268.67,277.73,42.75,11.06
000000011041.jpg,425,640,52,26.16,415.8,110.07,113.29
000000021213.jpg,427,640,52,5.5,359.26,95.73,60.22
000000009452.jpg,425,640,52,53.44,72.67,212.57,216.59
000000016629.jpg,640,480,52,227.18,214.06,51.08,31.7
000000006753.jpg,443,640,52,218.04,249.11,20.76,30.04
000000006753.jpg,443,640,52,209.13,279.57,13.84,28.08
000000002279.jpg,500,333,52,420,207.3,38.99,43.53
000000009452.jpg,425,640,52,306.21,74.79,118.79,80.95
000000011041.jpg,425,640,52,14.94,498.51,82.81,107.63
000000021213.jpg,427,640,52,60.7,323.25,63.05,48.21
000000009452.jpg,425,640,52,302.12,54.81,122.88,85.68
000000002279.jpg,500,333,52,456.41,191.81,43.59,65.8
000000009452.jpg,425,640,52,265.05,112.15,54.7,44.41
000000004376.jpg,640,424,52,313.2,235.42,29.77,24.49
000000011041.jpg,425,640,52,181.08,279.12,87.96,54.55
000000011041.jpg,425,640,52,149.19,188.59,45.21,55.05
000000006753.jpg,443,640,52,217.57,282.27,17.2,29.94
000000011041.jpg,425,640,52,127.72,293.7,76.37,73.64
000000021213.jpg,427,640,52,4.34,276.98,60.79,75.85
000000017108.jpg,480,640,52,98.36,507.39,44.54,22.87
000000021213.jpg,427,640,52,50.45,278.37,78.17,54.6
000000017108.jpg,480,640,52,311.48,163.23,14.84,13.22
000000016629.jpg,640,480,52,233.83,209.8,36.85,14.28
000000016629.jpg,640,480,52,206.85,269.67,83.81,34.56
000000011041.jpg,425,640,52,217.08,542.57,107.13,97.43
000000004376.jpg,640,424,52,302.95,211.89,26.45,12.85
000000011041.jpg,425,640,52,190.59,198.2,20.41,51.04
000000004376.jpg,640,424,52,453.79,260.46,33.15,17.01
000000019609.jpg,612,612,52,492.47,297.29,38.86,64.12
000000017108.jpg,480,640,52,172.89,460.46,42.65,28.8
000000016629.jpg,640,480,52,511.29,231.89,42.79,63.27
000000019609.jpg,612,612,52,476.23,270.66,86.48,44.07
000000019609.jpg,612,612,52,372.38,285.34,82.43,34.4
000000004376.jpg,640,424,52,440.16,232.6,29.61,26.55
000000004376.jpg,640,424,52,325.28,220.89,46.77,20.79
000000016629.jpg,640,480,52,319.05,248.35,50.15,28.77
000000004376.jpg,640,424,52,338.2,237.1,10.53,10.37
000000019609.jpg,612,612,52,214.21,455.13,153.83,128.52
000000016629.jpg,640,480,52,77.47,227.68,39.34,21.72
000000016629.jpg,640,480,52,310.03,289.43,15.42,6.17
000000016629.jpg,640,480,52,538.04,229.18,2.32,5.98
000000017108.jpg,480,640,52,297.84,169.48,27.62,42.03
000000019609.jpg,612,612,52,513.72,386.32,98.28,73
000000019609.jpg,612,612,52,353.44,244.79,77.81,51.74
000000017108.jpg,480,640,52,339.81,212.67,28.58,26.83
000000020966.jpg,640,480,52,162.4,115.89,18.36,8.26
000000010784.jpg,640,423,52,0,333.46,17.58,13.01
000000002429.jpg,640,480,52,329.79,269.56,19.22,17.72
000000021260.jpg,480,640,52,138.42,400.31,70.65,76.22
000000006753.jpg,443,640,52,368.74,397,70.69,26.22
000000006753.jpg,443,640,52,162.45,269.75,10.47,13.71
000000010784.jpg,640,423,52,0,332.18,147.01,50.28
000000010784.jpg,640,423,52,54.62,366.34,151.7,38.54
000000006753.jpg,443,640,52,0,256.91,118.59,20.65
000000021260.jpg,480,640,52,1.44,313.51,203.24,240.72
000000006753.jpg,443,640,52,0,237.51,117.64,20.6
000000006753.jpg,443,640,52,2.78,218.69,116.09,20.67
000000006753.jpg,443,640,52,131.63,263.78,56.31,20.73
000000006753.jpg,443,640,52,1.62,279.35,114.08,17.67
000000006753.jpg,443,640,52,1.76,200.14,119.96,19.13
000000024520.jpg,640,480,52,324.67,340.67,88.45,38.84
000000024714.jpg,640,426,52,115.34,225.71,26.56,16.06
000000024714.jpg,640,426,52,130.1,233.62,22.47,17.94
000000000984.jpg,480,640,52,127.31,458.05,102.04,151.05
000000020966.jpg,640,480,52,183.41,87.68,12.45,8.68
000000006753.jpg,443,640,52,348.25,475.83,5.52,8.02
000000024849.jpg,480,640,52,309.54,357.48,25.43,21.24
000000006753.jpg,443,640,52,333.9,456.59,39.66,48.84
000000024714.jpg,640,426,52,129.33,247.87,25.84,12.1
000000010403.jpg,640,416,52,416.93,365.52,118.73,44.87
000000024849.jpg,480,640,52,308.24,330.12,22.99,27.62
000000020966.jpg,640,480,52,149.08,114.45,36.2,24.23
000000000984.jpg,480,640,52,258.39,547.53,69.17,82.92
000000010784.jpg,640,423,52,223.12,363.69,17.54,11.3
000000020966.jpg,640,480,52,142.14,81.92,19.7,12.44
000000000984.jpg,480,640,52,371.06,207.1,79.1,77.66
000000020966.jpg,640,480,52,167.29,109.24,5.23,5.49
000000020966.jpg,640,480,52,127.05,89.41,18.61,6.51
000000010403.jpg,640,416,52,581.26,305.93,58.74,110.07
000000010403.jpg,640,416,52,247.73,55.16,139.29,132.74
000000010403.jpg,640,416,52,279.51,229.03,82.27,86.01
000000010784.jpg,640,423,52,204.64,360.49,19.21,11.13
000000000984.jpg,480,640,52,342.29,133.51,81.98,87.73
000000010784.jpg,640,423,52,227.86,354.62,15.27,10.95
000000000984.jpg,480,640,52,307.76,226.9,75.85,59.37
000000010403.jpg,640,416,52,60.75,336.97,115.08,79.03
000000010403.jpg,640,416,52,41.5,176.7,67.66,35.82
000000000984.jpg,480,640,52,233.57,417.93,15.37,51.41
000000010403.jpg,640,416,52,247.01,308.45,46.52,60.3
000000011677.jpg,612,612,52,172.12,493.52,250.23,105.35
000000008562.jpg,640,417,52,290.49,31.7,191.17,139.63
000000024520.jpg,640,480,52,476.16,419.88,54.52,12.08
000000024520.jpg,640,480,52,282.34,348.72,35.32,9.61
000000015726.jpg,360,640,52,325.5,440.41,34.5,192.82
000000021447.jpg,640,276,52,540.1,0,99.9,114.68
000000004376.jpg,640,424,52,579.07,131.29,37.61,54.97
000000010403.jpg,640,416,52,312.17,0,315.08,127.68
000000007781.jpg,640,480,52,113.56,0,175.82,123.22
000000007781.jpg,640,480,52,316.33,3.06,67.83,59.62
000000004376.jpg,640,424,52,522.16,128.04,26,42.96
000000008562.jpg,640,417,52,589.42,0,50.58,120.88
000000024714.jpg,640,426,52,3.74,39.67,85.53,106.44
000000004376.jpg,640,424,52,608.34,140.25,27.98,30.05
000000009651.jpg,640,427,52,581.82,171.16,58.18,255.84
000000000902.jpg,640,427,52,0,313.42,640,113.58
000000021447.jpg,640,276,52,0,160.45,640,109.78
000000023298.jpg,640,427,52,371.31,181.88,128.9,40.85
000000015126.jpg,480,640,52,221.28,1.27,194.57,97.96
000000002429.jpg,640,480,52,263.28,269.24,67.44,17.28
000000024520.jpg,640,480,52,421.8,273.16,189.49,71.06
000000024520.jpg,640,480,52,0,152.31,55.83,153.77
000000008356.jpg,640,480,52,270.74,146.7,344.09,319.28
000000009398.jpg,640,480,52,212.49,120.81,179.06,358.11
000000009398.jpg,640,480,52,378.18,150.79,190.3,323.63
000000009398.jpg,640,480,52,264.27,120.81,168.27,353.8
000000009398.jpg,640,480,52,334.05,136.76,181.63,338.38
000000009398.jpg,640,480,52,0,262.6,305.65,217.4
000000009398.jpg,640,480,52,308.49,133.75,166.12,346.25
000000009398.jpg,640,480,52,351.42,1.17,73.79,34.12
000000009398.jpg,640,480,52,524.32,324.86,113.52,149.19
000000009651.jpg,640,427,52,395.64,87.5,22.63,50.22
000000023875.jpg,640,428,52,339.46,129.04,9.89,25.66
000000018554.jpg,427,640,52,384.19,305.1,12.12,12.73
000000011041.jpg,425,640,52,203.92,137.44,92.77,107.88
000000023298.jpg,640,427,52,557.9,92.34,46.3,110.29
000000023298.jpg,640,427,52,535.5,112.06,29.77,124.06
000000023298.jpg,640,427,52,366.52,141.12,33.5,65.8
000000014036.jpg,640,554,52,160.76,126.18,43.08,83.38
000000020966.jpg,640,480,52,478.55,33.84,19.93,34.87
000000004376.jpg,640,424,52,564.1,88.13,23.55,93.38
000000020966.jpg,640,480,52,63.37,40.53,26.38,47.83
000000004376.jpg,640,424,52,313.28,115.35,10.65,23.01
000000004376.jpg,640,424,52,250.62,104.02,17.89,46.78
000000023298.jpg,640,427,52,394.44,153.52,26.06,36.97
000000020966.jpg,640,480,52,0,52.85,30.2,101.4
000000023298.jpg,640,427,52,513.61,187.04,44.12,110
000000014036.jpg,640,554,52,538.2,197.77,51.3,51.3
000000011041.jpg,425,640,52,289.17,104.47,33.18,74.49
000000021213.jpg,427,640,52,176.01,53.72,141.87,221.89
000000023298.jpg,640,427,52,491.07,188.14,31.99,96.41
000000024882.jpg,640,478,52,469.41,182.68,170.59,290.02
000000023054.jpg,640,427,52,188.72,99.11,449.14,327.89
000000011041.jpg,425,640,52,195.77,132.33,34.27,54.19
000000019609.jpg,612,612,52,111.81,0.06,77.3,54.38
000000011041.jpg,425,640,52,137.06,155.81,33.83,31.44
000000023298.jpg,640,427,52,581.99,76.97,58.01,241.43
000000011041.jpg,425,640,52,347.92,153.42,77.08,134.9
000000019609.jpg,612,612,52,267.78,0,35.74,59.29
000000023298.jpg,640,427,52,581.19,101.48,39.65,127.29
000000020966.jpg,640,480,52,562.25,315.32,77.75,164.15
000000011041.jpg,425,640,52,135.97,123.34,14.73,31.89
000000011041.jpg,425,640,52,324.76,107.95,15.14,23.36
000000011041.jpg,425,640,52,355.58,107.33,16.76,24.84
000000011041.jpg,425,640,52,184.04,133.37,13.54,15.28
000000011041.jpg,425,640,52,84.18,132.5,20.89,39.53
000000016123.jpg,480,640,52,67.2,510.18,39.98,124.54
000000021213.jpg,427,640,52,124.73,76.47,85.79,35.13
000000021213.jpg,427,640,52,56.98,79.43,49.07,29.67
000000020966.jpg,640,480,52,467.03,66.07,20.35,43.68
000000020966.jpg,640,480,52,495.95,175.44,143.94,67.65
000000020966.jpg,640,480,52,614.42,209.45,25.58,33.55
000000015726.jpg,360,640,52,9.17,485.5,72.12,87.67
000000023298.jpg,640,427,52,352.3,173.19,26.48,51.16
000000021020.jpg,640,429,52,154.42,196.65,7.22,26.41
000000002429.jpg,640,480,52,291.13,274.36,16.67,20.51
000000002429.jpg,640,480,52,242.46,220.82,6.77,8.98
000000024849.jpg,480,640,52,466.87,226.54,13.13,38.42
000000018670.jpg,640,464,52,422.42,211.86,205.01,62.52
000000007367.jpg,640,480,52,1.25,1.25,638.75,478.75
000000009511.jpg,640,480,52,107.51,138.2,481.17,307.02
000000009768.jpg,640,425,52,155.65,182.14,484.35,236.24
000000021020.jpg,640,429,52,180.37,262,25.03,7.32
000000019151.jpg,480,640,52,226.3,521.55,253.7,118.45
000000010303.jpg,640,468,52,71.32,79.86,230.14,203
000000019609.jpg,612,612,52,369.31,314.46,75.98,61.33
000000016680.jpg,640,161,52,435.12,64.42,132.01,96.58
000000012704.jpg,612,612,52,316.72,235.77,48.44,53.28
000000010784.jpg,640,423,52,450.18,119.2,60.2,62.36
000000016680.jpg,640,161,52,566.03,109.17,73.97,51.58
000000009148.jpg,640,480,52,210.71,268.19,13.15,10.9
000000016680.jpg,640,161,52,517.88,1.42,121.19,126.7
000000024714.jpg,640,426,52,315.8,185.4,26.1,20.99
000000021260.jpg,480,640,52,320.83,305.87,159.17,141.3
000000021213.jpg,427,640,52,113.99,297.29,100.29,103.08
000000010784.jpg,640,423,52,115.01,169.22,34.65,59.99
000000010784.jpg,640,423,52,204.9,154.65,51.18,50.22
000000024714.jpg,640,426,52,244.76,186.75,11.12,8.27
000000006753.jpg,443,640,52,178.73,378.83,62.67,51.68
000000021213.jpg,427,640,52,13.53,243.26,62.06,45.82
000000010784.jpg,640,423,52,612.45,117.84,27.54,60.97
000000016680.jpg,640,161,52,321.33,82.74,37.37,51.24
000000021213.jpg,427,640,52,225.96,348.09,89.78,57.48
000000002279.jpg,500,333,52,128.23,283.15,74.1,49.85
000000021213.jpg,427,640,52,215.91,261.42,90.39,81.01
000000009148.jpg,640,480,52,189.38,273.07,22.52,9.65
000000006753.jpg,443,640,52,186.83,276.02,14.96,27.45
000000009148.jpg,640,480,52,266.68,174.98,19.04,10.88
000000009148.jpg,640,480,52,383.64,263.92,90.43,14.34
000000010784.jpg,640,423,52,152.21,164.3,34.09,61.15
000000010784.jpg,640,423,52,169.15,157.06,49.29,63.37
000000010784.jpg,640,423,52,556.36,116.23,53.56,60.26
000000010784.jpg,640,423,52,351.85,119.66,43.54,67.2
000000010784.jpg,640,423,52,504.29,121.7,55.9,59.99
000000016123.jpg,480,640,52,22.4,437.35,55.98,56.3
000000020966.jpg,640,480,52,120.86,77.66,42,18.12
000000008562.jpg,640,417,52,371.59,324.79,55.84,55
000000024849.jpg,480,640,52,294.38,380.98,20.74,20.11
000000020966.jpg,640,480,52,133.81,94.95,15.75,6.71
000000024714.jpg,640,426,52,236.89,193.65,22.69,24.34
000000008562.jpg,640,417,52,274.74,274.2,58.64,58.64
000000024714.jpg,640,426,52,374.95,198.98,8.88,6.38
000000000902.jpg,640,427,52,189.16,232.31,101.78,45.35
000000000984.jpg,480,640,52,376.67,177.62,80.77,64.41
000000000984.jpg,480,640,52,431.62,298.3,48.38,52.01
000000009768.jpg,640,425,52,455.83,1.23,117.81,103.5
000000020966.jpg,640,480,52,157.75,110.8,5.44,5.19
000000000984.jpg,480,640,52,372.74,253.57,98.64,71.08
000000006753.jpg,443,640,52,386.46,441.45,8.58,10.04
000000000984.jpg,480,640,52,449.77,200.23,30.08,102.16
000000000984.jpg,480,640,52,202.93,571.54,75.69,67.61
000000000984.jpg,480,640,52,218.53,471.67,52.71,82.14
000000024520.jpg,640,480,52,414.6,421.11,51.01,22.51
000000024520.jpg,640,480,52,413.41,387.28,135.82,69.65
000000024520.jpg,640,480,52,259.77,346.94,16.45,11.99
000000009511.jpg,640,480,52,0,0,221.78,121.21
000000002429.jpg,640,480,52,291.2,365.61,94.3,113.74
000000021447.jpg,640,276,52,409.22,0,49,88.23
000000023875.jpg,640,428,52,460.73,185.93,143.27,21.12
000000009511.jpg,640,480,52,1.25,3.75,638.75,467.5
000000020599.jpg,427,640,52,1.96,326.84,329.86,313.11
000000013731.jpg,480,640,52,0,5.4,480,626.7
000000008562.jpg,640,417,52,0,0,637.96,410.5
000000010303.jpg,640,468,52,0,1.22,639.4,460.7
000000014034.jpg,640,426,52,1.11,137.21,453.66,283.26
000000019609.jpg,612,612,52,66.96,0,55.52,78.21
000000011041.jpg,425,640,52,109.06,121.7,9.72,16.89
000000016629.jpg,640,480,52,491.22,199.13,28.75,40.65
000000011677.jpg,612,612,52,384.59,258.68,27.72,31.08
000000020966.jpg,640,480,52,55.11,37.23,18.91,31.69
000000004376.jpg,640,424,52,533.11,96.56,17.67,33.8
000000011677.jpg,612,612,52,302.19,210.17,22.84,26.29
000000009148.jpg,640,480,52,219.43,409.8,417.66,61.09
000000004376.jpg,640,424,52,212.12,102.82,42.79,36.16
000000020966.jpg,640,480,52,383.16,145.54,165.52,77.06
000000010784.jpg,640,423,52,483.15,267.76,18.78,26.24
000000008356.jpg,640,480,52,58.9,173.48,41.24,64.58
000000024714.jpg,640,426,52,527.03,181.06,3.94,7.65
000000023298.jpg,640,427,52,432.65,203.48,6.01,7.75
000000023298.jpg,640,427,52,436.22,199.75,3.93,6.08
000000023298.jpg,640,427,52,443.84,203.18,5.76,6.86
000000023298.jpg,640,427,52,448.9,201.33,4.29,6.1
000000002429.jpg,640,480,52,249.53,222.87,6.85,6.85
000000014036.jpg,640,554,52,497.95,412.69,23.96,18.6
000000024520.jpg,640,480,52,519.81,250.18,7.32,26.44
000000021020.jpg,640,429,52,474.09,38.59,43.39,79.91
000000021020.jpg,640,429,52,524.31,27.31,64.89,101.44
000000004376.jpg,640,424,52,372.62,201.44,39.77,32.96
000000016629.jpg,640,480,52,287.88,206.79,62.64,27.99
000000011041.jpg,425,640,52,188.12,235.36,123.15,83.22
000000009148.jpg,640,480,52,359.14,262.55,12.62,12.47
000000019609.jpg,612,612,52,433.17,286.48,70.67,84.04
000000009398.jpg,640,480,52,393.01,61.33,109.36,125.34
000000009398.jpg,640,480,52,256.17,41.87,208.91,154.19
000000006753.jpg,443,640,52,223.32,252.95,16.1,24.86
000000017108.jpg,480,640,52,181.84,472.02,48.26,43.43
000000011677.jpg,612,612,52,447.69,195.47,31.04,34.24
000000000984.jpg,480,640,52,1.57,375.85,45.59,92.62
000000010784.jpg,640,423,52,384.35,134.43,45.64,39.29
000000000984.jpg,480,640,52,109.25,139.52,124.46,39.07
000000020599.jpg,427,640,52,198,517.96,112.2,107.89
000000009398.jpg,640,480,52,452.57,164.04,81.4,129.61
000000009398.jpg,640,480,52,0,69.64,176.58,106.94
000000009398.jpg,640,480,52,29.95,48.04,237.38,85.27
000000009398.jpg,640,480,52,1.25,200.73,150.85,86.02
000000009398.jpg,640,480,52,1.23,194.04,74.04,71.57
000000009398.jpg,640,480,52,401.78,28.15,99.06,86.47
000000009398.jpg,640,480,52,148.32,174.71,67.25,95.91
000000002429.jpg,640,480,52,70.62,251.03,9.04,8.73
000000009398.jpg,640,480,52,401.31,14.96,215.34,109.12
000000006753.jpg,443,640,52,134.24,299.33,14.34,15.3
000000002429.jpg,640,480,52,78.71,249.74,8.86,7.77
000000006753.jpg,443,640,52,198.9,449.74,16.02,23.73
000000000984.jpg,480,640,52,450.95,485.29,29.05,32.15
000000021213.jpg,427,640,52,394.2,430.98,22.13,15.67
000000010784.jpg,640,423,52,247.95,369.45,20.22,17.58
000000010784.jpg,640,423,52,255.92,351.75,19.39,19.01
000000010784.jpg,640,423,52,267.78,353.15,82.77,37.28
000000020311.jpg,640,425,52,503.86,335.37,47.18,51.13
000000018670.jpg,640,464,52,262.76,246.15,57.49,34.5
000000020599.jpg,427,640,52,1.66,210.49,140.93,63
000000024714.jpg,640,426,52,442.12,181.56,95.63,94.9
000000016629.jpg,640,480,52,83.79,170.66,46.13,63.49
000000006407.jpg,375,500,52,298.23,51.02,75.32,317.81
000000011677.jpg,612,612,52,387.6,199.95,8.85,18.24
000000014036.jpg,640,554,52,334.98,144.72,249.08,209
000000017108.jpg,480,640,52,364.05,244.36,115.95,385.67
000000023298.jpg,640,427,52,306.6,99.02,60.45,138.73
000000023298.jpg,640,427,52,550.56,171.53,41.26,119.27
000000011041.jpg,425,640,52,133.11,116.59,19.79,18.03
000000016123.jpg,480,640,52,340.67,348.3,100.07,281.94
000000024849.jpg,480,640,52,50.77,202.35,93.15,170.9
000000004376.jpg,640,424,52,106.78,114.71,7.42,14.67
000000018670.jpg,640,464,52,435.71,239.72,68.78,141.22
000000021213.jpg,427,640,52,32.27,313.88,45.02,51.74
000000024520.jpg,640,480,52,350.04,302.4,65.17,34.02
000000024714.jpg,640,426,52,110.99,237.44,21.02,19.22
000000024520.jpg,640,480,52,27.87,285.45,19.84,35.43
000000014036.jpg,640,554,52,66.19,365.5,313.7,181.31
000000009398.jpg,640,480,52,0.31,0,112.42,95.38
000000004376.jpg,640,424,52,339.46,112,25.13,77.98
000000016123.jpg,480,640,52,55.61,294.32,67.36,75.15
000000013922.jpg,612,612,52,0,0,612,612
000000000142.jpg,480,640,52,74.58,376.34,363.56,263.66
000000004376.jpg,640,424,52,512.55,135.89,33.6,20.36
000000000984.jpg,480,640,52,145,6,334,606
000000010784.jpg,640,423,52,253,126,205,71
000000011041.jpg,425,640,52,4,166,404,456
000000004376.jpg,640,424,52,131,81,59,49
000000017108.jpg,480,640,52,102,144,238,392
000000019609.jpg,612,612,52,147,72,464,309
000000016629.jpg,640,480,52,0,201,639,105
000000011041.jpg,425,640,52,164,114,191,24
000000016629.jpg,640,480,52,0,141,619,131
000000004376.jpg,640,424,52,296,192,204,215
000000020966.jpg,640,480,52,2,156,585,108
000000006753.jpg,443,640,52,206,280,34,34
